Provinsi,Jumlah Sekolah SMA (Negeri),Jumlah Sekolah SMA (Swasta),Jumlah Sekolah SMA (Negeri+Swasta),Jumlah Guru SMA (Negeri),Jumlah Guru SMA (Swasta),Jumlah Guru SMA (Negeri+Swasta),Jumlah Murid SMA (Negeri),Jumlah Murid SMA (Swasta),Jumlah Murid SMA (Negeri+Swasta)
Aceh,...,...,...,...,...,...,...,...,...
Sumatera Utara,...,...,...,...,...,...,...,...,...
Sumatera Barat,...,...,...,...,...,...,...,...,...
Riau,...,...,...,...,...,...,...,...,...
Jambi,...,...,...,...,...,...,...,...,...
Sumatera Selatan,...,...,...,...,...,...,...,...,...
Bengkulu,...,...,...,...,...,...,...,...,...
Lampung,...,...,...,...,...,...,...,...,...
Kepulauan Bangka Belitung,...,...,...,...,...,...,...,...,...
Kepulauan Riau,...,...,...,...,...,...,...,...,...
DKI Jakarta,...,...,...,...,...,...,...,...,...
Jawa Barat,...,...,...,...,...,...,...,...,...
Jawa Tengah,...,...,...,...,...,...,...,...,...
DI Yogyakarta,...,...,...,...,...,...,...,...,...
Jawa Timur,...,...,...,...,...,...,...,...,...
Banten,...,...,...,...,...,...,...,...,...
Bali,...,...,...,...,...,...,...,...,...
Nusa Tenggara Barat,...,...,...,...,...,...,...,...,...
Nusa Tenggara Timur,...,...,...,...,...,...,...,...,...
Kalimantan Barat,...,...,...,...,...,...,...,...,...
Kalimantan Tengah,...,...,...,...,...,...,...,...,...
Kalimantan Selatan,...,...,...,...,...,...,...,...,...
Kalimantan Timur,...,...,...,...,...,...,...,...,...
Kalimantan Utara,...,...,...,...,...,...,...,...,...
Sulawesi Utara,...,...,...,...,...,...,...,...,...
Sulawesi Tengah,...,...,...,...,...,...,...,...,...
Sulawesi Selatan,...,...,...,...,...,...,...,...,...
Sulawesi Tenggara,...,...,...,...,...,...,...,...,...
Gorontalo,...,...,...,...,...,...,...,...,...
Sulawesi Barat,...,...,...,...,...,...,...,...,...
Maluku,...,...,...,...,...,...,...,...,...
Maluku Utara,...,...,...,...,...,...,...,...,...
Papua Barat,...,...,...,...,...,...,...,...,...
Papua Barat Daya,...,...,...,...,...,...,...,...,...
Papua,...,...,...,...,...,...,...,...,...
Papua Selatan,...,...,...,...,...,...,...,...,...
Papua Tengah,...,...,...,...,...,...,...,...,...
Papua Pegunungan,...,...,...,...,...,...,...,...,...
Indonesia,...,...,...,...,...,...,...,...,...
,,,,,,,,,
Keterangan,,,,,,,,,
Jumlah tidak termasuk satuan pendidikan yang berada di luar negeri<i>/Total excludes school located overseas</i>,,,,,,,,,