Provinsi,Jumlah Sekolah SMP (Negeri),Jumlah Sekolah SMP (Swasta),Jumlah Sekolah SMP (Negeri+Swasta),Jumlah Guru SMP (Negeri),Jumlah Guru SMP (Swasta),Jumlah Guru SMP (Negeri+Swasta),Jumlah Murid SMP (Negeri),Jumlah Murid SMP (Swasta),Jumlah Murid SMP (Negeri+Swasta)
Aceh,910,448,1358,19983,4742,24725,162047,49991,212038
Sumatera Utara,1346,1378,2724,31842,14373,46215,407393,208760,616153
Sumatera Barat,678,197,875,15210,2494,17704,181650,24035,205685
Riau,893,435,1328,17021,4988,22009,217776,59809,277585
Jambi,559,167,726,9906,1678,11584,102423,21526,123949
Sumatera Selatan,906,578,1484,21349,5556,26905,292664,68482,361146
Bengkulu,381,83,464,7717,935,8652,75592,9061,84653
Lampung,709,797,1506,16739,7816,24555,247113,96493,343606
Kepulauan Bangka Belitung,164,77,241,3159,759,3918,56150,10359,66509
Kepulauan Riau,237,190,427,4326,2191,6517,77576,27021,104597
DKI Jakarta,299,775,1074,9401,9649,19050,213215,149787,363002
Jawa Barat,2013,4134,6147,53546,44733,98279,1200264,687771,1888035
Jawa Tengah,1773,1699,3472,50044,19458,69502,937212,276730,1213942
DI Yogyakarta,214,242,456,5413,3331,8744,92450,37242,129692
Jawa Timur,1746,3341,5087,46326,33602,79928,816534,417363,1233897
Banten,576,1053,1629,14205,10411,24616,293716,168627,462343
Bali,279,127,406,9011,1788,10799,161282,28392,189674
Nusa Tenggara Barat,606,521,1127,18364,5324,23688,143215,41055,184270
Nusa Tenggara Timur,1413,468,1881,26689,6028,32717,230200,73409,303609
Kalimantan Barat,1038,354,1392,14215,2913,17128,191882,45039,236921
Kalimantan Tengah,722,165,887,9212,1502,10714,89113,20148,109261
Kalimantan Selatan,527,119,646,8385,1267,9652,102792,14406,117198
Kalimantan Timur,464,255,719,9117,2546,11663,136945,33554,170499
Kalimantan Utara,157,43,200,2559,404,2963,29891,4043,33934
Sulawesi Utara,480,255,735,8330,1907,10237,73014,24105,97119
Sulawesi Tengah,741,148,889,11224,1043,12267,102436,11416,113852
Sulawesi Selatan,1276,486,1762,24896,4734,29630,286657,54863,341520
Sulawesi Tenggara,701,101,802,14002,872,14874,106766,7526,114292
Gorontalo,314,33,347,4127,280,4407,38839,2321,41160
Sulawesi Barat,321,63,384,5392,545,5937,47054,4715,51769
Maluku,576,142,718,10083,1266,11349,74135,15141,89276
Maluku Utara,384,146,530,6167,985,7152,45911,12132,58043
Papua Barat,126,41,167,1975,512,2487,22425,6770,29195
Papua Barat Daya,132,63,195,2030,537,2567,19161,6592,25753
Papua,195,88,283,3096,866,3962,39328,12537,51865
Papua Selatan,99,38,137,1652,429,2081,22093,7200,29293
Papua Tengah,102,71,173,1783,755,2538,28168,14145,42313
Papua Pegunungan,160,55,215,1698,383,2081,34149,9763,43912
Indonesia,24217,19376,43593,520194,203602,723796,7399231,2762329,10161560
,,,,,,,,,
Keterangan,,,,,,,,,
Jumlah tidak termasuk satuan pendidikan yang berada di luar negeri/<i>Total excludes school located overseas</i>,,,,,,,,,